{"impactGForceForwardBack": -7.293261895433447, "impactGForceLeftRight": -4.067785910960729, "impactGForceTotal": 8.350961099944849, "ImpactDuration": 0.28, "DeltaV_KPH": 42.1662329908067, "EstimatedAIS": 1.7, "ExpectedCompensationCost": 44361.7}